Top pages,Clicks,Impressions,CTR,Position
https://trygvestudio.com/,7,170,4.12%,11.01
https://trygvestudio.com/blogs,2,3,66.67%,3
https://trygvestudio.com/services/architecture-firms-lucknow,1,2,50%,21
https://trygvestudio.com/blogs/how-much-do-architects-charge-in-india-a-city-wise-breakdown-2026-guide,0,233,0%,6.52
https://trygvestudio.com/blogs/lucknow-real-estate-2026-why-lda-approval-costs-are-changing-and-how-to-prepare,0,79,0%,4.27
https://trygvestudio.com/blogs/false-ceiling-cost-per-sq-ft-in-lucknow-2026-pricing-guide,0,20,0%,6.5
https://trygvestudio.com/blogs/from-nawabi-heritage-to-modern-minimalism-how-top-architects-are-redefining-lucknows-skyline,0,15,0%,7.4
https://trygvestudio.com/blogs/from-permit-to-plinth-budgeting-for-lda-sanction-fees-in-lucknows-2026-market,0,13,0%,6.15
https://trygvestudio.com/about-us,0,10,0%,4.6
https://trygvestudio.com/blogs/modern-bedroom-design-trends-in-india-for-2026-or-trygve-studio,0,7,0%,7.57
https://trygvestudio.com/services/interior-design-lucknow,0,7,0%,15.14
https://trygvestudio.com/contact-us,0,5,0%,7.6
https://trygvestudio.com/blogs/affordable-luxury-interior-trends-for-indian-homes-in-2026,0,4,0%,4.5
https://trygvestudio.com/projects/modern-living-room-interiors-mr-rajesh-residence-ashiyana-lucknow,0,4,0%,8
https://trygvestudio.com/blogs/why-hiring-the-best-residential-architects-in-lucknow-saves-you-20percent-on-long-term-construction-costs,0,4,0%,8.5
https://trygvestudio.com/blogs/color-forecast-2025-interior-paint-trends-shaping-modern-indian-homes-or-trygve-studio,0,3,0%,2.67
https://trygvestudio.com/projects,0,3,0%,5.33
https://trygvestudio.com/projects/abu-bakr-residence-suratganj-barabanki,0,2,0%,12.5
https://trygvestudio.com/blogs/planning-a-luxury-villa-in-lucknow-heres-why-you-need-a-design-architect-not-just-a-map,0,1,0%,8
https://trygvestudio.com/price-calculator,0,1,0%,9
https://trygvestudio.com/resources,0,1,0%,9
https://trygvestudio.com/blogs/marble-vs-marble-finish-tiles-best-budget-luxury-choice-for-homes-in-2026,0,1,0%,10
https://trygvestudio.com/services,0,1,0%,10
https://www.trygvestudio.com/blogs/the-ultimate-checklist-for-choosing-the-best-architect-in-lucknow,0,1,0%,12
https://trygvestudio.com/blogs/luxurious-yet-affordable-a-guide-to-working-with-a-budget-interior-designer-in-lucknow,0,1,0%,29